{"cameraMode":{"drawMode":0,"name":"Shaded","section":"Shading Mode"},"sceneLighting":false,"audioPlay":false,"sceneViewState":{"showFog":true,"showMaterialUpdate":false,"showSkybox":true,"showFlares":true,"showImageEffects":true,"showParticleSystems":true},"in2DMode":false,"pivot":{"x":2.6462535858154299,"y":1.0424203872680665,"z":0.9462811946868897},"rotation":{"x":0.013499666936695576,"y":-0.0029992752242833378,"z":0.00004043019362143241,"w":0.9999043941497803},"size":261.4120788574219,"orthographic":false}