{"cameraMode":{"drawMode":0,"name":"Shaded","section":"Shading Mode"},"sceneLighting":false,"audioPlay":false,"sceneViewState":{"showFog":true,"showMaterialUpdate":false,"showSkybox":true,"showFlares":true,"showImageEffects":true,"showParticleSystems":true},"in2DMode":false,"pivot":{"x":22.807842254638673,"y":3.526949882507324,"z":-8.951242446899414},"rotation":{"x":0.10028581321239472,"y":-0.029844190925359727,"z":0.003009472507983446,"w":0.9945064187049866},"size":14.945029258728028,"orthographic":false}