{"cameraMode":{"drawMode":0,"name":"Shaded","section":"Shading Mode"},"sceneLighting":false,"audioPlay":false,"sceneViewState":{"showFog":true,"showMaterialUpdate":false,"showSkybox":true,"showFlares":true,"showImageEffects":true,"showParticleSystems":true},"in2DMode":false,"pivot":{"x":21.688701629638673,"y":3.6429076194763185,"z":-8.05557918548584},"rotation":{"x":0.10028581321239472,"y":-0.029844190925359727,"z":0.003009472507983446,"w":0.9945064187049866},"size":11.671928405761719,"orthographic":false}