{"cameraMode":{"drawMode":0,"name":"Shaded","section":"Shading Mode"},"sceneLighting":false,"audioPlay":false,"sceneViewState":{"showFog":true,"showMaterialUpdate":false,"showSkybox":true,"showFlares":true,"showImageEffects":true,"showParticleSystems":true},"in2DMode":false,"pivot":{"x":0.929840087890625,"y":1.619999885559082,"z":0.09375},"rotation":{"x":0.09286563843488693,"y":-0.0029870462603867056,"z":0.00027858902467414737,"w":0.9956741333007813},"size":21.20121955871582,"orthographic":false}