{"cameraMode":{"drawMode":0,"name":"Shaded","section":"Shading Mode"},"sceneLighting":false,"audioPlay":false,"sceneViewState":{"showFog":true,"showMaterialUpdate":false,"showSkybox":true,"showFlares":true,"showImageEffects":true,"showParticleSystems":true},"in2DMode":false,"pivot":{"x":15.53826904296875,"y":2.0159809589385988,"z":0.3790245056152344},"rotation":{"x":0.10028581321239472,"y":-0.029844190925359727,"z":0.003009472507983446,"w":0.9945064187049866},"size":24.349857330322267,"orthographic":false}